{
  "4.Deeviya Suman of BCA" : {
    "transaction" : "4.Deeviya Suman of BCA",
    "sampleCount" : 1,
    "errorCount" : 0,
    "errorPct" : 0.0,
    "meanResTime" : 4760.0,
    "medianResTime" : 4760.0,
    "minResTime" : 4760.0,
    "maxResTime" : 4760.0,
    "pct1ResTime" : 4760.0,
    "pct2ResTime" : 4760.0,
    "pct3ResTime" : 4760.0,
    "throughput" : 0.21008403361344538,
    "receivedKBytesPerSec" : 7.704380580357143,
    "sentKBytesPerSec" : 0.05498293067226891
  },
  "4.Deeviya Suman of BCA-1" : {
    "transaction" : "4.Deeviya Suman of BCA-1",
    "sampleCount" : 1,
    "errorCount" : 0,
    "errorPct" : 0.0,
    "meanResTime" : 3019.0,
    "medianResTime" : 3019.0,
    "minResTime" : 3019.0,
    "maxResTime" : 3019.0,
    "pct1ResTime" : 3019.0,
    "pct2ResTime" : 3019.0,
    "pct3ResTime" : 3019.0,
    "throughput" : 0.33123550844650546,
    "receivedKBytesPerSec" : 11.977527740973832,
    "sentKBytesPerSec" : 0.04334527161311692
  },
  "4.Deeviya Suman of BCA-0" : {
    "transaction" : "4.Deeviya Suman of BCA-0",
    "sampleCount" : 1,
    "errorCount" : 0,
    "errorPct" : 0.0,
    "meanResTime" : 1740.0,
    "medianResTime" : 1740.0,
    "minResTime" : 1740.0,
    "maxResTime" : 1740.0,
    "pct1ResTime" : 1740.0,
    "pct2ResTime" : 1740.0,
    "pct3ResTime" : 1740.0,
    "throughput" : 0.5747126436781609,
    "receivedKBytesPerSec" : 0.29465247844827586,
    "sentKBytesPerSec" : 0.07520653735632184
  },
  "3.Amit Kumar of IBM" : {
    "transaction" : "3.Amit Kumar of IBM",
    "sampleCount" : 1,
    "errorCount" : 0,
    "errorPct" : 0.0,
    "meanResTime" : 4677.0,
    "medianResTime" : 4677.0,
    "minResTime" : 4677.0,
    "maxResTime" : 4677.0,
    "pct1ResTime" : 4677.0,
    "pct2ResTime" : 4677.0,
    "pct3ResTime" : 4677.0,
    "throughput" : 0.2138122728244601,
    "receivedKBytesPerSec" : 7.84110574353218,
    "sentKBytesPerSec" : 0.055958680778276676
  },
  "3.Amit Kumar of IBM-1" : {
    "transaction" : "3.Amit Kumar of IBM-1",
    "sampleCount" : 1,
    "errorCount" : 0,
    "errorPct" : 0.0,
    "meanResTime" : 2927.0,
    "medianResTime" : 2927.0,
    "minResTime" : 2927.0,
    "maxResTime" : 2927.0,
    "pct1ResTime" : 2927.0,
    "pct2ResTime" : 2927.0,
    "pct3ResTime" : 2927.0,
    "throughput" : 0.341646737273659,
    "receivedKBytesPerSec" : 12.353999402118209,
    "sentKBytesPerSec" : 0.04470767851042023
  },
  "3.Amit Kumar of IBM-0" : {
    "transaction" : "3.Amit Kumar of IBM-0",
    "sampleCount" : 1,
    "errorCount" : 0,
    "errorPct" : 0.0,
    "meanResTime" : 1749.0,
    "medianResTime" : 1749.0,
    "minResTime" : 1749.0,
    "maxResTime" : 1749.0,
    "pct1ResTime" : 1749.0,
    "pct2ResTime" : 1749.0,
    "pct3ResTime" : 1749.0,
    "throughput" : 0.5717552887364208,
    "receivedKBytesPerSec" : 0.293136256432247,
    "sentKBytesPerSec" : 0.07481953973699257
  },
  "5.Abhinai Taman of EEE" : {
    "transaction" : "5.Abhinai Taman of EEE",
    "sampleCount" : 1,
    "errorCount" : 0,
    "errorPct" : 0.0,
    "meanResTime" : 4248.0,
    "medianResTime" : 4248.0,
    "minResTime" : 4248.0,
    "maxResTime" : 4248.0,
    "pct1ResTime" : 4248.0,
    "pct2ResTime" : 4248.0,
    "pct3ResTime" : 4248.0,
    "throughput" : 0.23540489642184556,
    "receivedKBytesPerSec" : 8.63296882356403,
    "sentKBytesPerSec" : 0.06160987523540489
  },
  "2.Semantoo Sahni of ECE-1" : {
    "transaction" : "2.Semantoo Sahni of ECE-1",
    "sampleCount" : 1,
    "errorCount" : 0,
    "errorPct" : 0.0,
    "meanResTime" : 3289.0,
    "medianResTime" : 3289.0,
    "minResTime" : 3289.0,
    "maxResTime" : 3289.0,
    "pct1ResTime" : 3289.0,
    "pct2ResTime" : 3289.0,
    "pct3ResTime" : 3289.0,
    "throughput" : 0.3040437823046519,
    "receivedKBytesPerSec" : 10.994270674977196,
    "sentKBytesPerSec" : 0.0397869793250228
  },
  "2.Semantoo Sahni of ECE-0" : {
    "transaction" : "2.Semantoo Sahni of ECE-0",
    "sampleCount" : 1,
    "errorCount" : 0,
    "errorPct" : 0.0,
    "meanResTime" : 1509.0,
    "medianResTime" : 1509.0,
    "minResTime" : 1509.0,
    "maxResTime" : 1509.0,
    "pct1ResTime" : 1509.0,
    "pct2ResTime" : 1509.0,
    "pct3ResTime" : 1509.0,
    "throughput" : 0.6626905235255136,
    "receivedKBytesPerSec" : 0.3397583250497018,
    "sentKBytesPerSec" : 0.08671926772697151
  },
  "5.Abhinai Taman of EEE-0" : {
    "transaction" : "5.Abhinai Taman of EEE-0",
    "sampleCount" : 1,
    "errorCount" : 0,
    "errorPct" : 0.0,
    "meanResTime" : 1333.0,
    "medianResTime" : 1333.0,
    "minResTime" : 1333.0,
    "maxResTime" : 1333.0,
    "pct1ResTime" : 1333.0,
    "pct2ResTime" : 1333.0,
    "pct3ResTime" : 1333.0,
    "throughput" : 0.7501875468867217,
    "receivedKBytesPerSec" : 0.3846176387846962,
    "sentKBytesPerSec" : 0.0981690735183796
  },
  "1.Sumit Kumar of CSE" : {
    "transaction" : "1.Sumit Kumar of CSE",
    "sampleCount" : 1,
    "errorCount" : 1,
    "errorPct" : 100.0,
    "meanResTime" : 7096.0,
    "medianResTime" : 7096.0,
    "minResTime" : 7096.0,
    "maxResTime" : 7096.0,
    "pct1ResTime" : 7096.0,
    "pct2ResTime" : 7096.0,
    "pct3ResTime" : 7096.0,
    "throughput" : 0.14092446448703494,
    "receivedKBytesPerSec" : 5.168101967657836,
    "sentKBytesPerSec" : 0.036882574689966176
  },
  "1.Sumit Kumar of CSE-0" : {
    "transaction" : "1.Sumit Kumar of CSE-0",
    "sampleCount" : 1,
    "errorCount" : 0,
    "errorPct" : 0.0,
    "meanResTime" : 1968.0,
    "medianResTime" : 1968.0,
    "minResTime" : 1968.0,
    "maxResTime" : 1968.0,
    "pct1ResTime" : 1968.0,
    "pct2ResTime" : 1968.0,
    "pct3ResTime" : 1968.0,
    "throughput" : 0.508130081300813,
    "receivedKBytesPerSec" : 0.2605159108231707,
    "sentKBytesPerSec" : 0.06649358485772358
  },
  "Total" : {
    "transaction" : "Total",
    "sampleCount" : 15,
    "errorCount" : 1,
    "errorPct" : 6.6666665,
    "meanResTime" : 3408.9999999999995,
    "medianResTime" : 3019.0,
    "minResTime" : 1333.0,
    "maxResTime" : 7096.0,
    "pct1ResTime" : 5912.200000000001,
    "pct2ResTime" : 7096.0,
    "pct3ResTime" : 7096.0,
    "throughput" : 0.7506380423359856,
    "receivedKBytesPerSec" : 18.352025002502128,
    "sentKBytesPerSec" : 0.13097070009508083
  },
  "1.Sumit Kumar of CSE-1" : {
    "transaction" : "1.Sumit Kumar of CSE-1",
    "sampleCount" : 1,
    "errorCount" : 0,
    "errorPct" : 0.0,
    "meanResTime" : 5123.0,
    "medianResTime" : 5123.0,
    "minResTime" : 5123.0,
    "maxResTime" : 5123.0,
    "pct1ResTime" : 5123.0,
    "pct2ResTime" : 5123.0,
    "pct3ResTime" : 5123.0,
    "throughput" : 0.19519812609798948,
    "receivedKBytesPerSec" : 7.0583947394105016,
    "sentKBytesPerSec" : 0.02554350478235409
  },
  "2.Semantoo Sahni of ECE" : {
    "transaction" : "2.Semantoo Sahni of ECE",
    "sampleCount" : 1,
    "errorCount" : 0,
    "errorPct" : 0.0,
    "meanResTime" : 4798.0,
    "medianResTime" : 4798.0,
    "minResTime" : 4798.0,
    "maxResTime" : 4798.0,
    "pct1ResTime" : 4798.0,
    "pct2ResTime" : 4798.0,
    "pct3ResTime" : 4798.0,
    "throughput" : 0.20842017507294708,
    "receivedKBytesPerSec" : 7.64336214308045,
    "sentKBytesPerSec" : 0.05454746769487286
  },
  "5.Abhinai Taman of EEE-1" : {
    "transaction" : "5.Abhinai Taman of EEE-1",
    "sampleCount" : 1,
    "errorCount" : 0,
    "errorPct" : 0.0,
    "meanResTime" : 2899.0,
    "medianResTime" : 2899.0,
    "minResTime" : 2899.0,
    "maxResTime" : 2899.0,
    "pct1ResTime" : 2899.0,
    "pct2ResTime" : 2899.0,
    "pct3ResTime" : 2899.0,
    "throughput" : 0.34494653328734043,
    "receivedKBytesPerSec" : 12.473320541566057,
    "sentKBytesPerSec" : 0.04513948775439807
  }
}